target_epsilon,upper_bound,steinke_2023,fdp_2024,ndis
1.000000000000000000e+00,9.964572669379159198e-01,2.872985030363731651e-01,4.588066964277821569e-01,8.547010683090915384e-01
2.000000000000000000e+00,1.998642820490784011e+00,4.506426494468969146e-01,5.961470570451713469e-01,1.624523574469622478e+00
4.000000000000000000e+00,3.994282032253435588e+00,9.065579423244251034e-01,1.425475751434894578e+00,2.775508759764389488e+00
8.000000000000000000e+00,7.990621560758345510e+00,1.416523149786138136e+00,2.061569199290856247e+00,4.502463536446779990e+00
